timestamp,project_name,run_id,duration,emissions,emissions_rate,cpu_power,gpu_power,ram_power,cpu_energy,gpu_energy,ram_energy,energy_consumed,country_name,country_iso_code,region,cloud_provider,cloud_region,os,python_version,cpu_count,cpu_model,gpu_count,gpu_model,longitude,latitude,ram_total_size,tracking_mode,on_cloud
2022-10-27T10:20:02,codecarbon,d6134c7e-7f72-4aa8-ab43-d9e35e05873c,0.5927608013153076,8.248263426458411e-07,0.0013914994730008,42.5,7.187,2.9440126419067383,6.986057427194384e-06,8.860725382963817e-08,3.5907238336676527e-08,7.110571919360698e-06,Denmark,DNK,capital region,,,Windows-10-10.0.19041-SP0,3.7.0,8,Intel(R) Core(TM) i5-9300H CPU @ 2.40GHz,1,1 x NVIDIA GeForce GTX 1650 with Max-Q Design,12.5168,55.7143,7.850700378417969,machine,N
2022-10-31T22:47:53,codecarbon,d0041197-c6ca-4c52-94cb-d94848453d50,1.4853765964508057,2.3485612353246893e-06,0.0015811217444359,42.5,7.31,2.9440126419067383,1.7529787951045568e-05,1.9368115908569764e-06,7.796180039999475e-07,2.024621754590249e-05,Denmark,DNK,capital region,,,Windows-10-10.0.19041-SP0,3.7.13,8,Intel(R) Core(TM) i5-9300H CPU @ 2.40GHz,1,1 x NVIDIA GeForce GTX 1650 with Max-Q Design,12.5892,55.6802,7.850700378417969,machine,N
2022-10-31T22:49:40,codecarbon,4db1f8c0-fc11-4833-8caa-30df8e371943,1.4829888343811035,2.3314544845698458e-06,0.0015721321904239,42.5,7.237,2.9440126419067383,1.7472163339455925e-05,1.867061379286978e-06,7.595208378936983e-07,2.00987455566366e-05,Denmark,DNK,capital region,,,Windows-10-10.0.19041-SP0,3.7.13,8,Intel(R) Core(TM) i5-9300H CPU @ 2.40GHz,1,1 x NVIDIA GeForce GTX 1650 with Max-Q Design,12.5892,55.6802,7.850700378417969,machine,N
2022-10-31T22:51:15,codecarbon,a69e9e32-95e8-42ca-bdc3-ab0440c5c670,6.073474884033203,1.0771791048915847e-05,0.0017735795824618,42.5,10.884000000000002,2.9440126419067383,7.168889823887084e-05,1.6664241644541425e-05,4.5071277796553965e-06,9.286026766306766e-05,Denmark,DNK,capital region,,,Windows-10-10.0.19041-SP0,3.7.13,8,Intel(R) Core(TM) i5-9300H CPU @ 2.40GHz,1,1 x NVIDIA GeForce GTX 1650 with Max-Q Design,12.5892,55.6802,7.850700378417969,machine,N
2022-10-31T22:54:46,codecarbon,e78bcec7-13cc-4615-b902-264c88982dc1,5.805507659912109,9.706348072457628e-06,0.0016719206383072,42.5,7.422000000000001,2.9440126419067383,6.852540191676883e-05,1.084758721470833e-05,4.302425286261003e-06,8.367541441773816e-05,Denmark,DNK,capital region,,,Windows-10-10.0.19041-SP0,3.7.13,8,Intel(R) Core(TM) i5-9300H CPU @ 2.40GHz,1,1 x NVIDIA GeForce GTX 1650 with Max-Q Design,12.5892,55.6802,7.850700378417969,machine,N
2022-10-31T22:56:48,codecarbon,5f3a7101-c3e5-49d7-aade-0544da7e7085,6.1835010051727295,1.0910815136276332e-05,0.0017645044655364,42.5,11.26,2.9440126419067383,7.299378481176165e-05,1.6699207005235883e-05,4.365759357798425e-06,9.405875117479596e-05,Denmark,DNK,capital region,,,Windows-10-10.0.19041-SP0,3.7.13,8,Intel(R) Core(TM) i5-9300H CPU @ 2.40GHz,1,1 x NVIDIA GeForce GTX 1650 with Max-Q Design,12.5892,55.6802,7.850700378417969,machine,N
2022-10-31T22:58:29,codecarbon,cab62280-842c-47aa-b538-4064dac322e1,6.015644788742065,1.006485271613621e-05,0.0016731128697911,42.5,7.431,2.9440126419067383,7.098874780866836e-05,1.1300552445650102e-05,4.476671436510931e-06,8.67659716908294e-05,Denmark,DNK,capital region,,,Windows-10-10.0.19041-SP0,3.7.13,8,Intel(R) Core(TM) i5-9300H CPU @ 2.40GHz,1,1 x NVIDIA GeForce GTX 1650 with Max-Q Design,12.5892,55.6802,7.850700378417969,machine,N
2022-10-31T23:00:26,codecarbon,4c3942a5-55c3-4d2a-a31e-8ffd5864d10c,5.950240135192871,1.05536058663078e-05,0.0017736436894182,42.5,11.646000000000004,2.9440126419067383,7.022791041268243e-05,1.656449384450913e-05,4.186956659254975e-06,9.097936091644652e-05,Denmark,DNK,capital region,,,Windows-10-10.0.19041-SP0,3.7.13,8,Intel(R) Core(TM) i5-9300H CPU @ 2.40GHz,1,1 x NVIDIA GeForce GTX 1650 with Max-Q Design,12.5892,55.6802,7.850700378417969,machine,N
2022-10-31T23:05:22,codecarbon,c5e2eaf8-d9bd-413a-b17f-46ccd16a817a,6.238742113113403,1.1091664247856168e-05,0.001777868686789,42.5,11.58,2.9440126419067383,7.36457904179891e-05,1.751861272652944e-05,4.453392095620833e-06,9.561779524013935e-05,Denmark,DNK,capital region,,,Windows-10-10.0.19041-SP0,3.7.13,8,Intel(R) Core(TM) i5-9300H CPU @ 2.40GHz,1,1 x NVIDIA GeForce GTX 1650 with Max-Q Design,12.5892,55.6802,7.850700378417969,machine,N
2022-10-31T23:09:18,codecarbon,b3496d77-b11e-436c-8463-ef5f5367bb5b,6.224411010742188,1.106995999541725e-05,0.0017784751001038,42.5,11.716,2.9440126419067383,7.347081121471194e-05,1.7550240087509155e-05,4.409638313444854e-06,9.543068961566596e-05,Denmark,DNK,capital region,,,Windows-10-10.0.19041-SP0,3.7.13,8,Intel(R) Core(TM) i5-9300H CPU @ 2.40GHz,1,1 x NVIDIA GeForce GTX 1650 with Max-Q Design,12.5892,55.6802,7.850700378417969,machine,N
2022-10-31T23:20:51,codecarbon,4e5396bb-5578-4260-9353-2580f8e94dcb,1.539940595626831,2.430156015977889e-06,0.0015780842604442,42.5,7.182000000000001,2.9440126419067383,1.816254407167435e-05,1.9770472526550294e-06,8.100295030662135e-07,2.0949620827395594e-05,Denmark,DNK,capital region,,,Windows-10-10.0.19041-SP0,3.7.13,8,Intel(R) Core(TM) i5-9300H CPU @ 2.40GHz,1,1 x NVIDIA GeForce GTX 1650 with Max-Q Design,12.5892,55.6802,7.850700378417969,machine,N
2022-10-31T23:22:34,codecarbon,d5d852ff-69c3-4f3c-b873-761e4ebb40e7,5.718627214431763,9.61576046567254e-06,0.0016814805555791,42.5,8.369,2.9440126419067383,6.749974687894186e-05,1.138883340160052e-05,4.0059064924967445e-06,8.289448677303912e-05,Denmark,DNK,capital region,,,Windows-10-10.0.19041-SP0,3.7.13,8,Intel(R) Core(TM) i5-9300H CPU @ 2.40GHz,1,1 x NVIDIA GeForce GTX 1650 with Max-Q Design,12.5892,55.6802,7.850700378417969,machine,N
2022-10-31T23:26:04,codecarbon,dc90a393-b580-4dfe-ba61-90b198a153fb,5.983004093170166,1.0063224660190269e-05,0.0016819685401315,42.5,8.303,2.9440126419067383,7.062115834818946e-05,1.1908694961931972e-05,4.222083415656736e-06,8.675193672577817e-05,Denmark,DNK,capital region,,,Windows-10-10.0.19041-SP0,3.7.13,8,Intel(R) Core(TM) i5-9300H CPU @ 2.40GHz,1,1 x NVIDIA GeForce GTX 1650 with Max-Q Design,12.5892,55.6802,7.850700378417969,machine,N
2022-10-31T23:38:50,codecarbon,c6a3863e-1c17-47c1-803d-04a2afb69e25,5.677038908004761,9.559764145799262e-06,0.0016839349352212,42.5,8.47,2.9440126419067383,6.701463957627614e-05,1.1426049663623176e-05,3.971070637680517e-06,8.241175987757984e-05,Denmark,DNK,capital region,,,Windows-10-10.0.19041-SP0,3.7.13,8,Intel(R) Core(TM) i5-9300H CPU @ 2.40GHz,1,1 x NVIDIA GeForce GTX 1650 with Max-Q Design,12.5892,55.6802,7.850700378417969,machine,N
2022-10-31T23:39:51,codecarbon,6fad3aed-aa61-4de5-8583-f940c1cd62a8,5.769077062606812,9.619440630607289e-06,0.0016674141333554,42.5,7.278,2.9440126419067383,6.810123771429063e-05,1.0555549114545189e-05,4.269425503985645e-06,8.292621233282145e-05,Denmark,DNK,capital region,,,Windows-10-10.0.19041-SP0,3.7.13,8,Intel(R) Core(TM) i5-9300H CPU @ 2.40GHz,1,1 x NVIDIA GeForce GTX 1650 with Max-Q Design,12.5892,55.6802,7.850700378417969,machine,N
2022-10-31T23:41:37,codecarbon,cf1b64b5-5e40-4ec8-8ea5-93e90a96cf8b,5.571986436843872,9.373857311702649e-06,0.001682318759737,42.5,8.452,2.9440126419067383,6.576899323198532e-05,1.115498110903634e-05,3.885140415035646e-06,8.08091147560573e-05,Denmark,DNK,capital region,,,Windows-10-10.0.19041-SP0,3.7.13,8,Intel(R) Core(TM) i5-9300H CPU @ 2.40GHz,1,1 x NVIDIA GeForce GTX 1650 with Max-Q Design,12.5892,55.6802,7.850700378417969,machine,N
2022-10-31T23:42:06,codecarbon,61f20d67-cd76-4669-860d-ba8d71b510d7,5.659512519836426,9.515508046410391e-06,0.0016813299755162,42.5,8.381,2.9440126419067383,6.680186788241069e-05,1.1269656438032788e-05,3.958717458956472e-06,8.203024177939994e-05,Denmark,DNK,capital region,,,Windows-10-10.0.19041-SP0,3.7.13,8,Intel(R) Core(TM) i5-9300H CPU @ 2.40GHz,1,1 x NVIDIA GeForce GTX 1650 with Max-Q Design,12.5892,55.6802,7.850700378417969,machine,N
2022-10-31T23:43:33,codecarbon,ead4723a-567e-4bc1-9671-f9813b32692c,6.428115129470825,1.073243035267846e-05,0.0016696076744913,42.5,7.253,2.9440126419067383,7.587564024660323e-05,1.183986605366071e-05,4.805445015929687e-06,9.25209513161936e-05,Denmark,DNK,capital region,,,Windows-10-10.0.19041-SP0,3.7.13,8,Intel(R) Core(TM) i5-9300H CPU @ 2.40GHz,1,1 x NVIDIA GeForce GTX 1650 with Max-Q Design,12.5892,55.6802,7.850700378417969,machine,N
2022-10-31T23:52:06,codecarbon,4a9fcc70-683a-414d-9f59-032ebf900e31,20.80411553382873,3.5440526625492976e-05,0.0017035344073082,42.5,7.434,2.9440126419067383,0.0002455808925959,4.4081252997848725e-05,1.5859635660421152e-05,0.0003055217812542,Denmark,DNK,capital region,,,Windows-10-10.0.19041-SP0,3.7.13,8,Intel(R) Core(TM) i5-9300H CPU @ 2.40GHz,1,1 x NVIDIA GeForce GTX 1650 with Max-Q Design,12.5892,55.6802,7.850700378417969,machine,N
2022-10-31T23:54:33,codecarbon,89c30345-b2f7-47db-b15e-a3551da7c8ce,0.6559202671051025,9.330030645206788e-07,0.0014224336574298,42.5,7.234,2.9440126419067383,7.731670306788551e-06,2.216590982013279e-07,8.98004615676958e-08,8.043129866557575e-06,Denmark,DNK,capital region,,,Windows-10-10.0.19041-SP0,3.7.13,8,Intel(R) Core(TM) i5-9300H CPU @ 2.40GHz,1,1 x NVIDIA GeForce GTX 1650 with Max-Q Design,12.5892,55.6802,7.850700378417969,machine,N
2022-10-31T23:55:28,codecarbon,1b9048f1-45b3-44da-9a12-f575a2baaeae,12.856502294540403,2.199243248564688e-05,0.0017106077517666,42.5,8.382000000000001,2.9440126419067383,0.0001517663164271,2.7992271569172544e-05,9.831347224796333e-06,0.000189589935221,Denmark,DNK,capital region,,,Windows-10-10.0.19041-SP0,3.7.13,8,Intel(R) Core(TM) i5-9300H CPU @ 2.40GHz,1,1 x NVIDIA GeForce GTX 1650 with Max-Q Design,12.5892,55.6802,7.850700378417969,machine,N
2022-10-31T23:58:47,codecarbon,12761b4c-fa00-49d7-b1de-4d85640cd9ef,5.658559560775757,9.438997006773562e-06,0.0016680918359865,42.5,7.316,2.9440126419067383,6.679077529244953e-05,1.0396625881989797e-05,4.183262677056898e-06,8.137066385149622e-05,Denmark,DNK,capital region,,,Windows-10-10.0.19041-SP0,3.7.13,8,Intel(R) Core(TM) i5-9300H CPU @ 2.40GHz,1,1 x NVIDIA GeForce GTX 1650 with Max-Q Design,12.5892,55.6802,7.850700378417969,machine,N
2022-11-01T00:01:08,codecarbon,e0bc010b-e039-42ca-ba80-1207685d246f,5.141892910003662,9.66527158199591e-06,0.0018797107896183,42.5,12.939,2.9440126419067383,6.069109489520391e-05,1.843589627365272e-05,4.194315572487426e-06,8.332130674134405e-05,Denmark,DNK,capital region,,,Windows-10-10.0.19041-SP0,3.7.13,8,Intel(R) Core(TM) i5-9300H CPU @ 2.40GHz,1,1 x NVIDIA GeForce GTX 1650 with Max-Q Design,12.5892,55.6802,7.850700378417969,machine,N
2022-11-01T00:06:01,codecarbon,196863fd-5942-4bad-8c8c-8329d8968a46,5.754998445510864,9.594303119675276e-06,0.0016671252321812,42.5,7.265000000000001,2.9440126419067383,6.793540335363812e-05,1.051363986167643e-05,4.260466437058502e-06,8.270950965237305e-05,Denmark,DNK,capital region,,,Windows-10-10.0.19041-SP0,3.7.13,8,Intel(R) Core(TM) i5-9300H CPU @ 2.40GHz,1,1 x NVIDIA GeForce GTX 1650 with Max-Q Design,12.5892,55.6802,7.850700378417969,machine,N
2022-11-01T00:06:56,codecarbon,ef40ba44-5655-4675-a4da-4b5bb855b544,5.751946449279785,9.67475825104762e-06,0.0016819972745502,42.5,8.385,2.9440126419067383,6.789903226825927e-05,1.147509624461333e-05,4.028959858227571e-06,8.340308837110017e-05,Denmark,DNK,capital region,,,Windows-10-10.0.19041-SP0,3.7.13,8,Intel(R) Core(TM) i5-9300H CPU @ 2.40GHz,1,1 x NVIDIA GeForce GTX 1650 with Max-Q Design,12.5892,55.6802,7.850700378417969,machine,N
2022-11-01T00:07:26,codecarbon,7b3d3af8-4e1d-4839-9158-33632abf1b8b,5.864837169647217,9.866024051411396e-06,0.0016822332429742,42.5,8.361,2.9440126419067383,6.922627290089926e-05,1.1704680619835851e-05,4.120977956949332e-06,8.505193147768445e-05,Denmark,DNK,capital region,,,Windows-10-10.0.19041-SP0,3.7.13,8,Intel(R) Core(TM) i5-9300H CPU @ 2.40GHz,1,1 x NVIDIA GeForce GTX 1650 with Max-Q Design,12.5892,55.6802,7.850700378417969,machine,N
2022-11-01T00:08:08,codecarbon,b41fe70e-18e7-48c6-bf0c-da96ca9d44c2,5.578602313995361,9.298635656667412e-06,0.001666839672966,42.5,7.303000000000001,2.9440126419067383,6.582308544052973e-05,1.0218319601615272e-05,4.119247170505105e-06,8.01606522126501e-05,Denmark,DNK,capital region,,,Windows-10-10.0.19041-SP0,3.7.13,8,Intel(R) Core(TM) i5-9300H CPU @ 2.40GHz,1,1 x NVIDIA GeForce GTX 1650 with Max-Q Design,12.5892,55.6802,7.850700378417969,machine,N
2022-11-01T00:09:08,codecarbon,75f4eaff-2d7f-4479-8b28-a549cec53c7e,5.503430128097534,1.0369009383861e-05,0.0018840993966512,42.5,13.067,2.9440126419067383,6.49651168121232e-05,1.993249027974076e-05,4.49040483797224e-06,8.938801192983621e-05,Denmark,DNK,capital region,,,Windows-10-10.0.19041-SP0,3.7.13,8,Intel(R) Core(TM) i5-9300H CPU @ 2.40GHz,1,1 x NVIDIA GeForce GTX 1650 with Max-Q Design,12.5892,55.6802,7.850700378417969,machine,N
2022-11-01T00:28:22,codecarbon,a5c57653-72c7-4c6f-acbe-20f478ad8436,5.582697868347168,9.283313067931958e-06,0.0016628721967145,42.5,7.165,2.9440126419067383,6.590684983465407e-05,1.0009094219737584e-05,4.112616876056261e-06,8.002856093044791e-05,Denmark,DNK,capital region,,,Windows-10-10.0.19041-SP0,3.7.13,8,Intel(R) Core(TM) i5-9300H CPU @ 2.40GHz,1,1 x NVIDIA GeForce GTX 1650 with Max-Q Design,12.5892,55.6802,7.850700378417969,machine,N
2022-11-01T00:28:49,codecarbon,03e6fc44-f6d7-407d-95d5-86a1d23e9c23,5.134930372238159,8.83045309277718e-06,0.001719683121804,42.5,8.287,2.9440126419067383,6.0615101787779074e-05,1.1443952522079151e-05,4.065541317531257e-06,7.612459562738948e-05,Denmark,DNK,capital region,,,Windows-10-10.0.19041-SP0,3.7.13,8,Intel(R) Core(TM) i5-9300H CPU @ 2.40GHz,1,1 x NVIDIA GeForce GTX 1650 with Max-Q Design,12.5892,55.6802,7.850700378417969,machine,N
2022-11-01T00:29:14,codecarbon,35a53dde-8a65-4ce1-bf49-767e56a5f5ba,5.664921998977661,9.516252936263815e-06,0.0016798559517644,42.5,8.36,2.9440126419067383,6.687163213888805e-05,1.1215759563446044e-05,3.94927154131949e-06,8.203666324365359e-05,Denmark,DNK,capital region,,,Windows-10-10.0.19041-SP0,3.7.13,8,Intel(R) Core(TM) i5-9300H CPU @ 2.40GHz,1,1 x NVIDIA GeForce GTX 1650 with Max-Q Design,12.5892,55.6802,7.850700378417969,machine,N
2022-11-01T00:36:24,codecarbon,bef34e52-f41b-49b3-a072-5a01e98e994a,6.070977449417114,1.0228033895976848e-05,0.0016847425280683,42.5,8.383000000000001,2.9440126419067383,7.166573355595272e-05,1.2216908330255088e-05,4.290064113592584e-06,8.817270599980039e-05,Denmark,DNK,capital region,,,Windows-10-10.0.19041-SP0,3.7.13,8,Intel(R) Core(TM) i5-9300H CPU @ 2.40GHz,1,1 x NVIDIA GeForce GTX 1650 with Max-Q Design,12.5892,55.6802,7.850700378417969,machine,N
2022-11-01T00:38:07,codecarbon,9f2f62c2-733d-448a-9d2a-8a70d4f86141,5.809507608413696,1.0238715168429584e-05,0.0017624067061382,42.5,11.117000000000004,2.9440126419067383,6.857886645529005e-05,1.5564196720851792e-05,4.1217227585959415e-06,8.826478593473779e-05,Denmark,DNK,capital region,,,Windows-10-10.0.19041-SP0,3.7.13,8,Intel(R) Core(TM) i5-9300H CPU @ 2.40GHz,1,1 x NVIDIA GeForce GTX 1650 with Max-Q Design,12.5892,55.6802,7.850700378417969,machine,N
2022-11-01T00:40:42,codecarbon,9bac7217-a0f6-4b8f-85b1-bf12e3db8105,5.708094358444214,9.585448863130608e-06,0.0016792730219938,42.5,8.3,2.9440126419067383,6.738128612438838e-05,1.1258788857195112e-05,3.993104872990709e-06,8.26331798545742e-05,Denmark,DNK,capital region,,,Windows-10-10.0.19041-SP0,3.7.13,8,Intel(R) Core(TM) i5-9300H CPU @ 2.40GHz,1,1 x NVIDIA GeForce GTX 1650 with Max-Q Design,12.5892,55.6802,7.850700378417969,machine,N
2022-11-01T00:44:28,codecarbon,99c3d95d-c961-4355-bb45-50a15ca290b5,5.772753953933716,9.682137436647656e-06,0.0016772129063373,42.5,8.222,2.9440126419067383,6.815056751171749e-05,1.1278209169043435e-05,4.037925359305064e-06,8.346670204006599e-05,Denmark,DNK,capital region,,,Windows-10-10.0.19041-SP0,3.7.13,8,Intel(R) Core(TM) i5-9300H CPU @ 2.40GHz,1,1 x NVIDIA GeForce GTX 1650 with Max-Q Design,12.5892,55.6802,7.850700378417969,machine,N
2022-11-01T00:45:46,codecarbon,5ceb047d-8bf9-4a14-951a-a2f799066291,5.749876022338867,9.660035756615668e-06,0.0016800424424953,42.5,8.301000000000002,2.9440126419067383,6.787499222490523e-05,1.1369341777364416e-05,4.031836313382656e-06,8.327617031565231e-05,Denmark,DNK,capital region,,,Windows-10-10.0.19041-SP0,3.7.13,8,Intel(R) Core(TM) i5-9300H CPU @ 2.40GHz,1,1 x NVIDIA GeForce GTX 1650 with Max-Q Design,12.5892,55.6802,7.850700378417969,machine,N
2022-11-01T00:47:13,codecarbon,4649a3d4-228b-4fd9-8dd6-90b377d289c6,5.817708730697632,9.69431741167011e-06,0.0016663462989333,42.5,7.271,2.9440126419067383,6.867538409100638e-05,1.0603441506491768e-05,4.292876227244164e-06,8.357170182474231e-05,Denmark,DNK,capital region,,,Windows-10-10.0.19041-SP0,3.7.13,8,Intel(R) Core(TM) i5-9300H CPU @ 2.40GHz,1,1 x NVIDIA GeForce GTX 1650 with Max-Q Design,12.5892,55.6802,7.850700378417969,machine,N
2022-11-01T00:59:36,codecarbon,db5e5954-1ff1-486d-870c-f2a4857a9e33,6.010941028594971,1.0128825258104422e-05,0.0016850648192887,42.5,8.409,2.9440126419067383,7.09506682223744e-05,1.21226276242733e-05,4.244163274942139e-06,8.731745912158984e-05,Denmark,DNK,capital region,,,Windows-10-10.0.19041-SP0,3.7.13,8,Intel(R) Core(TM) i5-9300H CPU @ 2.40GHz,1,1 x NVIDIA GeForce GTX 1650 with Max-Q Design,12.5892,55.6802,7.850700378417969,machine,N
2022-11-01T17:31:56,codecarbon,94f49cb5-504e-4440-bc0b-4c0760c0506c,24.27960205078125,4.125524441741816e-05,0.0016991730066716,42.5,8.747,2.9440126419067383,0.0002866164472368,5.03026710735427e-05,1.8729540460500595e-05,0.0003556486587708,Denmark,DNK,capital region,,,Windows-10-10.0.19041-SP0,3.7.13,8,Intel(R) Core(TM) i5-9300H CPU @ 2.40GHz,1,1 x NVIDIA GeForce GTX 1650 with Max-Q Design,12.5892,55.6802,7.850700378417969,machine,N
2022-11-01T17:32:57,codecarbon,ee7f704a-e3d8-4d74-b787-141d1dd7c309,20.936526775360107,4.334622587310048e-05,0.002070363739802,42.5,8.695,2.9440126419067383,0.0002471614051196,9.763983027637004e-05,2.8879022299624355e-05,0.0003736802576956,Denmark,DNK,capital region,,,Windows-10-10.0.19041-SP0,3.7.13,8,Intel(R) Core(TM) i5-9300H CPU @ 2.40GHz,1,1 x NVIDIA GeForce GTX 1650 with Max-Q Design,12.5892,55.6802,7.850700378417969,machine,N
2022-11-01T17:34:35,codecarbon,aece3d71-1768-4cb7-aea9-458cdc4e73e7,3.363475561141968,5.55421921922874e-06,0.0016513333063561,42.5,8.743,2.9440126419067383,3.9695904155572256e-05,6.123688756889767e-06,2.0616072533029712e-06,4.7881200165765e-05,Denmark,DNK,capital region,,,Windows-10-10.0.19041-SP0,3.7.13,8,Intel(R) Core(TM) i5-9300H CPU @ 2.40GHz,1,1 x NVIDIA GeForce GTX 1650 with Max-Q Design,12.5892,55.6802,7.850700378417969,machine,N
2022-11-01T20:43:22,codecarbon,0d82c099-3916-46a7-babb-0206d16493cc,6.651046514511108,1.1297047173035176e-05,0.0016985367864121,42.5,8.723,2.9440126419067383,7.851338552104102e-05,1.411242177459929e-05,4.762530402938789e-06,9.73883376985791e-05,Denmark,DNK,capital region,,,Windows-10-10.0.19041-SP0,3.7.13,8,Intel(R) Core(TM) i5-9300H CPU @ 2.40GHz,1,1 x NVIDIA GeForce GTX 1650 with Max-Q Design,12.5892,55.6802,7.850700378417969,machine,N
2022-11-01T20:49:29,codecarbon,5a4712fe-2f68-4cff-b60b-8b89c2f18ae5,24.294888973236084,4.0915227794319205e-05,0.0016841084492871,42.5,8.63,2.9440126419067383,0.000286767434246,4.677449409630564e-05,1.9175552643194464e-05,0.0003527174809855,Denmark,DNK,capital region,,,Windows-10-10.0.19041-SP0,3.7.13,8,Intel(R) Core(TM) i5-9300H CPU @ 2.40GHz,1,1 x NVIDIA GeForce GTX 1650 with Max-Q Design,12.5892,55.6802,7.850700378417969,machine,N
2022-11-01T20:51:29,codecarbon,7ff14ad8-123c-41e1-a152-491351e9ec46,23.16704034805298,3.9667331397890505e-05,0.001712231290745,42.5,7.657000000000001,2.9440126419067383,0.0002734884641236,5.064455431262652e-05,1.7826734993791058e-05,0.00034195975343,Denmark,DNK,capital region,,,Windows-10-10.0.19041-SP0,3.7.13,8,Intel(R) Core(TM) i5-9300H CPU @ 2.40GHz,1,1 x NVIDIA GeForce GTX 1650 with Max-Q Design,12.5892,55.6802,7.850700378417969,machine,N
2022-11-01T20:52:47,codecarbon,bd1e057b-ceab-4d76-8420-d650d7b1cc9e,21.88598275184632,3.731368816549406e-05,0.0017049126186643,42.5,5.918,2.9440126419067383,0.0002583348575565,4.615248061113887e-05,1.718238739691003e-05,0.0003216697255646,Denmark,DNK,capital region,,,Windows-10-10.0.19041-SP0,3.7.13,8,Intel(R) Core(TM) i5-9300H CPU @ 2.40GHz,1,1 x NVIDIA GeForce GTX 1650 with Max-Q Design,12.5892,55.6802,7.850700378417969,machine,N
2022-11-01T20:57:56,codecarbon,66316ac9-7cf6-4bcd-ae51-d4bdb42ad056,23.35403275489807,3.988063588856264e-05,0.0017076552177138,42.5,7.458,2.9440126419067383,0.0002756246729029,5.02144739733802e-05,1.7959438369894467e-05,0.0003437985852462,Denmark,DNK,capital region,,,Windows-10-10.0.19041-SP0,3.7.13,8,Intel(R) Core(TM) i5-9300H CPU @ 2.40GHz,1,1 x NVIDIA GeForce GTX 1650 with Max-Q Design,12.5892,55.6802,7.850700378417969,machine,N
2022-11-01T21:08:45,codecarbon,53cee420-f765-4408-a4b5-ebf0e741ea68,7.831836462020874,1.3339144526548914e-05,0.0017031949774787,42.5,8.629,2.9440126419067383,9.24532668458091e-05,1.6805965385569468e-05,5.733392997491365e-06,0.0001149926252288,Denmark,DNK,capital region,,,Windows-10-10.0.19041-SP0,3.7.13,8,Intel(R) Core(TM) i5-9300H CPU @ 2.40GHz,1,1 x NVIDIA GeForce GTX 1650 with Max-Q Design,12.5892,55.6802,7.850700378417969,machine,N
2022-11-01T21:10:48,codecarbon,f4ccf717-5b25-49d4-b094-4225ee63215e,8.13739824295044,1.387695841316638e-05,0.0017053311143015,42.5,8.667,2.9440126419067383,9.60251596238878e-05,1.761927335321903e-05,5.984518860534347e-06,0.0001196289518376,Denmark,DNK,capital region,,,Windows-10-10.0.19041-SP0,3.7.13,8,Intel(R) Core(TM) i5-9300H CPU @ 2.40GHz,1,1 x NVIDIA GeForce GTX 1650 with Max-Q Design,12.5892,55.6802,7.850700378417969,machine,N
2022-11-04T14:09:41,codecarbon,09750733-d0bf-494b-b907-5c208060ca0e,162.62161254882812,0.0002760572631426,0.0016975435110741,42.5,8.028,2.9440126419067383,0.001919330775241,0.0003332051759518,0.0001272680414163,0.0023798039926092,Denmark,DNK,,,,Windows-10-10.0.19041-SP0,3.7.13,8,Intel(R) Core(TM) i5-9300H CPU @ 2.40GHz,1,1 x NVIDIA GeForce GTX 1650 with Max-Q Design,12.5892,55.6802,7.850700378417969,machine,N
2022-11-04T14:14:02,codecarbon,988b430d-e3aa-419e-a679-d3ae504b34b7,144.91957592964172,0.0002474991425634,0.0017078378885378,42.5,9.125,2.9440126419067383,0.0017107143526275,0.0003095223115381,0.0001133766337952,0.002133613297961,Denmark,DNK,,,,Windows-10-10.0.19041-SP0,3.7.13,8,Intel(R) Core(TM) i5-9300H CPU @ 2.40GHz,1,1 x NVIDIA GeForce GTX 1650 with Max-Q Design,12.5892,55.6802,7.850700378417969,machine,N
2022-11-14T12:27:06,codecarbon,a05ab5ec-6e2c-41bc-af3b-dc6435a91bd5,1.455172061920166,2.2820707493168973e-06,0.001568248050547,42.5,7.1080000000000005,2.9440126419067383,1.7173201011286842e-05,1.7679708430502151e-06,7.318518466706792e-07,1.9673023701007736e-05,Denmark,DNK,capital region,,,Windows-10-10.0.19041-SP0,3.7.13,8,Intel(R) Core(TM) i5-9300H CPU @ 2.40GHz,1,1 x NVIDIA GeForce GTX 1650 with Max-Q Design,12.5892,55.6802,7.850700378417969,machine,N
2022-11-14T12:41:58,codecarbon,868dfbaf-383c-40d3-84fe-1c0c223fdf07,6.545952558517456,1.093207929689443e-05,0.0016700517150357,42.5,7.223,2.9440126419067383,7.727270987298754e-05,1.205588915957345e-05,4.913463871701349e-06,9.424206290426232e-05,Denmark,DNK,capital region,,,Windows-10-10.0.19041-SP0,3.7.13,8,Intel(R) Core(TM) i5-9300H CPU @ 2.40GHz,1,1 x NVIDIA GeForce GTX 1650 with Max-Q Design,12.5892,55.6802,7.850700378417969,machine,N
2022-11-14T12:57:24,codecarbon,4aea0254-2240-4be7-8a08-f16383bcd4ed,1.446542263031006,2.2714286220401445e-06,0.0015702469814333,42.5,7.032,2.9440126419067383,1.7065801885392933e-05,1.773425464630127e-06,7.420538744609454e-07,1.9581281224484005e-05,Denmark,DNK,capital region,,,Windows-10-10.0.19041-SP0,3.7.13,8,Intel(R) Core(TM) i5-9300H CPU @ 2.40GHz,1,1 x NVIDIA GeForce GTX 1650 with Max-Q Design,12.5892,55.6802,7.850700378417969,machine,N
2022-11-14T12:58:21,codecarbon,184b8151-dab5-4cb7-955d-c5b7bef2d4c2,11.311917543411257,1.9252569921352656e-05,0.0017019722648673,42.5,8.186,2.9440126419067383,0.0001335316691133,2.385894575463401e-05,8.579815488483292e-06,0.0001659704303564,Denmark,DNK,capital region,,,Windows-10-10.0.19041-SP0,3.7.13,8,Intel(R) Core(TM) i5-9300H CPU @ 2.40GHz,1,1 x NVIDIA GeForce GTX 1650 with Max-Q Design,12.5892,55.6802,7.850700378417969,machine,N
2022-11-14T19:27:02,codecarbon,e0485223-36b7-427e-be55-a33354a59125,97.23346495628356,0.0001670833759953,0.0017183731554815,42.5,8.862,2.9440126419067383,0.0011478242160545,0.000217974624919,7.457509002071125e-05,0.0014403739309942,Denmark,DNK,capital region,,,Windows-10-10.0.19041-SP0,3.7.13,8,Intel(R) Core(TM) i5-9300H CPU @ 2.40GHz,1,1 x NVIDIA GeForce GTX 1650 with Max-Q Design,12.5892,55.6802,7.850700378417969,machine,N
2022-11-14T19:33:09,codecarbon,7b429538-779f-4bfe-924f-4903a712b6e6,70.09843420982361,0.0001197147694535,0.0017078094654042,42.5,8.674,2.9440126419067383,0.0008274742091695,0.0001501819532467,5.43677121832665e-05,0.0010320238745996,Denmark,DNK,capital region,,,Windows-10-10.0.19041-SP0,3.7.13,8,Intel(R) Core(TM) i5-9300H CPU @ 2.40GHz,1,1 x NVIDIA GeForce GTX 1650 with Max-Q Design,12.5892,55.6802,7.850700378417969,machine,N
2022-11-14T19:42:48,codecarbon,a087182d-ad52-4359-864e-98faa76bd6a2,426.0099837779999,0.0067227947020841,0.0157808383795706,42.5,6.998000000000001,2.9440126419067383,0.0346765195995569,0.0173006051589644,0.0059780019835833,0.0579551267421047,Denmark,DNK,capital region,,,Windows-10-10.0.19041-SP0,3.7.13,8,Intel(R) Core(TM) i5-9300H CPU @ 2.40GHz,1,1 x NVIDIA GeForce GTX 1650 with Max-Q Design,12.5892,55.6802,7.850700378417969,machine,N
2022-11-15T16:26:59,codecarbon,c4cc040a-efdf-4f9d-be61-ad02adc5eb90,91.60935997962952,0.0001551523405739,0.0016936297842107,42.5,7.306,2.9440126419067383,0.0010814348484079,0.0001848227249541,7.126260399986867e-05,0.0013375201773619,Denmark,DNK,capital region,,,Windows-10-10.0.19041-SP0,3.7.13,8,Intel(R) Core(TM) i5-9300H CPU @ 2.40GHz,1,1 x NVIDIA GeForce GTX 1650 with Max-Q Design,12.5892,55.6802,7.850700378417969,machine,N
2022-11-19T14:59:47,codecarbon,56c3df37-365a-4b40-b194-bb8202c1f300,5087.908037662506,0.015149545059784988,0.0029775587427372237,42.5,4.767,2.9440126419067383,0.06006759577310751,0.05444685318351864,0.016085077420830356,0.13059952637745678,Denmark,DNK,capital region,,,Windows-10-10.0.19041-SP0,3.7.13,8,Intel(R) Core(TM) i5-9300H CPU @ 2.40GHz,1,1 x NVIDIA GeForce GTX 1650 with Max-Q Design,12.5892,55.6802,7.850700378417969,machine,N
